{
  "validation_errors_with_taps": [
    [
      10.0,
      0.0005811057635582983
    ],
    [
      11.0,
      0.0005578200798481703
    ],
    [
      12.0,
      0.0005661224713549018
    ],
    [
      13.0,
      0.0005710964323952794
    ],
    [
      14.0,
      0.0005406849086284637
    ],
    [
      15.0,
      0.0005224150372669101
    ],
    [
      16.0,
      0.0004960254882462323
    ],
    [
      17.0,
      0.0004590960161294788
    ],
    [
      18.0,
      0.0005001866957172751
    ],
    [
      19.0,
      0.00046720696263946593
    ],
    [
      20.0,
      0.00046043575275689363
    ],
    [
      21.0,
      0.0004550564044620842
    ],
    [
      22.0,
      0.0004461111384443939
    ],
    [
      23.0,
      0.0004650352639146149
    ],
    [
      24.0,
      0.0004501947551034391
    ],
    [
      25.0,
      0.0004401201440487057
    ],
    [
      26.0,
      0.000429242238169536
    ],
    [
      27.0,
      0.0004410833935253322
    ],
    [
      28.0,
      0.00043294744682498276
    ],
    [
      29.0,
      0.0004402028280310333
    ],
    [
      30.0,
      0.00041906459955498576
    ],
    [
      31.0,
      0.0004480021889321506
    ],
    [
      32.0,
      0.0004407351079862565
    ],
    [
      33.0,
      0.000526989926584065
    ],
    [
      34.0,
      0.0004701318102888763
    ],
    [
      35.0,
      0.000420861120801419
    ],
    [
      36.0,
      0.000432398053817451
    ],
    [
      37.0,
      0.00043658955837599933
    ],
    [
      38.0,
      0.00042341506923548877
    ],
    [
      39.0,
      0.0004256353131495416
    ]
  ],
  "optimal_num_taps": [
    30.0
  ],
  "Test_predictions": [
    [
      0.011915459297597408,
      0.013904054649174213,
      0.014984335750341415,
      0.019355539232492447,
      0.024308931082487106,
      0.02935551106929779,
      0.03452245891094208,
      0.040109336376190186,
      0.04477766156196594,
      0.05063953995704651,
      0.058956023305654526,
      0.0666794553399086,
      0.07684917002916336,
      0.08674535155296326,
      0.09533537924289703,
      0.10486827790737152,
      0.112860307097435,
      0.12232232093811035,
      0.13279084861278534,
      0.14380939304828644,
      0.15355020761489868,
      0.16454748809337616,
      0.1746467798948288,
      0.18602369725704193,
      0.19733715057373047,
      0.2068175971508026,
      0.21720579266548157,
      0.22764159739017487,
      0.23878206312656403,
      0.2503952383995056,
      0.2604975998401642,
      0.2705666422843933,
      0.28015533089637756,
      0.2901155352592468,
      0.29970723390579224,
      0.3087383806705475,
      0.3174962103366852,
      0.3263493776321411,
      0.3352322578430176,
      0.3427336812019348,
      0.35004308819770813,
      0.35715699195861816,
      0.36404311656951904,
      0.37109652161598206,
      0.3774512708187103,
      0.3830587565898895,
      0.38849326968193054,
      0.3937534689903259,
      0.3987465500831604,
      0.4034897983074188,
      0.4069824516773224,
      0.410358726978302,
      0.4139968752861023,
      0.4177204370498657,
      0.4208918511867523,
      0.4225771427154541,
      0.4241156280040741,
      0.4255905747413635,
      0.42734968662261963,
      0.428615003824234,
      0.4284549951553345,
      0.4284583032131195,
      0.42834413051605225,
      0.4283899962902069,
      0.4278642535209656,
      0.4260539412498474,
      0.42437154054641724,
      0.42251840233802795,
      0.42097294330596924,
      0.41894999146461487,
      0.4159677028656006,
      0.4130285382270813,
      0.40992552042007446,
      0.40699321031570435,
      0.40361133217811584,
      0.3996635377407074,
      0.3955196738243103,
      0.39155375957489014,
      0.387611985206604,
      0.3833773136138916,
      0.3787565231323242,
      0.37391141057014465,
      0.36921441555023193,
      0.3645517826080322,
      0.3598480522632599,
      0.35482704639434814,
      0.3497059643268585,
      0.344728946685791,
      0.33971554040908813,
      0.3348660469055176,
      0.3298080265522003,
      0.32467004656791687,
      0.31970447301864624,
      0.31473055481910706,
      0.31003937125205994,
      0.30528727173805237,
      0.30047574639320374,
      0.2957817614078522,
      0.2910699248313904,
      0.28668996691703796,
      0.28246015310287476,
      0.2781889736652374,
      0.2740461230278015,
      0.2698502540588379,
      0.26601868867874146,
      0.26250937581062317,
      0.2589288055896759,
      0.2554521858692169,
      0.25189918279647827,
      0.2487933337688446,
      0.2461175173521042,
      0.24338120222091675,
      0.2407383918762207,
      0.23797555267810822,
      0.2356954663991928,
      0.2339010089635849,
      0.23204317688941956,
      0.23028522729873657,
      0.2283938080072403,
      0.227002814412117,
      0.2261054962873459,
      0.22516824305057526,
      0.2242882251739502,
      0.22326882183551788,
      0.2227412462234497,
      0.22267888486385345,
      0.22261716425418854,
      0.22257906198501587,
      0.22240549325942993
    ]
  ],
  "Test_error": [
    [
      0.016308187895501963
    ]
  ]
}