{
  "validation_errors_with_taps": [
    [
      10.0,
      8.77471684361808e-05
    ],
    [
      11.0,
      0.00010411764378659427
    ],
    [
      12.0,
      8.553743100492284e-05
    ],
    [
      13.0,
      0.00011138861009385437
    ],
    [
      14.0,
      7.829598325770348e-05
    ],
    [
      15.0,
      0.00010839188325917348
    ],
    [
      16.0,
      6.51504669804126e-05
    ],
    [
      17.0,
      6.447292253142223e-05
    ],
    [
      18.0,
      8.188217907445505e-05
    ],
    [
      19.0,
      8.694230928085744e-05
    ],
    [
      20.0,
      6.779242539778352e-05
    ],
    [
      21.0,
      9.54212446231395e-05
    ],
    [
      22.0,
      7.387826917693019e-05
    ],
    [
      23.0,
      6.657614721916616e-05
    ],
    [
      24.0,
      8.112260547932237e-05
    ],
    [
      25.0,
      7.452737190760672e-05
    ],
    [
      26.0,
      6.420501449611038e-05
    ],
    [
      27.0,
      7.732846279395744e-05
    ],
    [
      28.0,
      6.674075848422945e-05
    ],
    [
      29.0,
      6.880317960167304e-05
    ],
    [
      30.0,
      7.931287836981937e-05
    ],
    [
      31.0,
      6.540452886838466e-05
    ],
    [
      32.0,
      7.027679384918883e-05
    ],
    [
      33.0,
      7.465992530342191e-05
    ],
    [
      34.0,
      0.00010461589408805594
    ],
    [
      35.0,
      7.739482680335641e-05
    ],
    [
      36.0,
      9.446001058677211e-05
    ],
    [
      37.0,
      6.901722372276708e-05
    ],
    [
      38.0,
      6.819915142841637e-05
    ],
    [
      39.0,
      6.953987031010911e-05
    ]
  ],
  "optimal_num_taps": [
    26.0
  ],
  "Test_predictions": [
    [
      0.013611337170004845,
      0.014659157022833824,
      0.016659049317240715,
      0.01994135044515133,
      0.0242021381855011,
      0.029667071998119354,
      0.035360921174287796,
      0.04066372290253639,
      0.04572509601712227,
      0.052966825664043427,
      0.06081141531467438,
      0.06954850256443024,
      0.0783252865076065,
      0.08725729584693909,
      0.09628143906593323,
      0.10545483231544495,
      0.11472564935684204,
      0.12444192916154861,
      0.13389495015144348,
      0.1433556079864502,
      0.15361696481704712,
      0.163849875330925,
      0.17438095808029175,
      0.18447436392307281,
      0.19453616440296173,
      0.20445258915424347,
      0.2144811898469925,
      0.22465933859348297,
      0.2349279373884201,
      0.24501755833625793,
      0.25490930676460266,
      0.26494285464286804,
      0.27467218041419983,
      0.28419890999794006,
      0.2933812439441681,
      0.3023212254047394,
      0.31109103560447693,
      0.3196617662906647,
      0.3280062973499298,
      0.33612024784088135,
      0.3437527120113373,
      0.3510403335094452,
      0.35799896717071533,
      0.36456578969955444,
      0.37081071734428406,
      0.3766595423221588,
      0.3822091519832611,
      0.3873734474182129,
      0.39221158623695374,
      0.3966515064239502,
      0.40071818232536316,
      0.4043264389038086,
      0.4075331389904022,
      0.410418838262558,
      0.4129122793674469,
      0.41507571935653687,
      0.41685041785240173,
      0.4182584583759308,
      0.41930022835731506,
      0.4199599325656891,
      0.4202662706375122,
      0.42021819949150085,
      0.4198077619075775,
      0.41908949613571167,
      0.4180631935596466,
      0.41673770546913147,
      0.41510656476020813,
      0.41317906975746155,
      0.4109669625759125,
      0.4084777235984802,
      0.40574225783348083,
      0.40276315808296204,
      0.3995778262615204,
      0.39616870880126953,
      0.39257368445396423,
      0.38879963755607605,
      0.3848460018634796,
      0.3807402551174164,
      0.37647902965545654,
      0.3720943033695221,
      0.3675958216190338,
      0.3630017638206482,
      0.3583311140537262,
      0.353588342666626,
      0.34878668189048767,
      0.3439396619796753,
      0.33906152844429016,
      0.33416470885276794,
      0.32926109433174133,
      0.3243696391582489,
      0.319498747587204,
      0.31466585397720337,
      0.30987849831581116,
      0.305147260427475,
      0.30048468708992004,
      0.295893132686615,
      0.2913927733898163,
      0.2869875729084015,
      0.2826904058456421,
      0.27851036190986633,
      0.27445292472839355,
      0.270529180765152,
      0.2667411267757416,
      0.26309826970100403,
      0.25960472226142883,
      0.25626620650291443,
      0.25308841466903687,
      0.2500758171081543,
      0.2472345381975174,
      0.24456548690795898,
      0.24207264184951782,
      0.2397574782371521,
      0.23762063682079315,
      0.23566536605358124,
      0.23389025032520294,
      0.23229821026325226,
      0.2308879941701889,
      0.22965890169143677,
      0.2286115288734436,
      0.22774207592010498,
      0.2270502746105194,
      0.22653202712535858,
      0.22618544101715088,
      0.22600741684436798,
      0.22599413990974426,
      0.22614292800426483,
      0.2264486849308014,
      0.22690780460834503,
      0.2275145947933197
    ]
  ],
  "Test_error": [
    [
      0.015266507689654785
    ]
  ]
}